title,category,ministry,company,value,reason
PERMOHONAN KELULUSAN RUNDINGAN TERUS DENGAN PUTRADE PROPERTY MANAGEMENT SDN BHD BAGI PENYEWAAN PRIME BOOTH PAMERAN KORPORAT UNTUK KEGUNAAN KPM SEMPENA PERHIMPUNAN AGUNG UMNO 2014,PERKHIDMATAN BUKAN PERUNDING,KEMENTERIAN PENDIDIKAN,PUTRADE PROPERTY MANAGEMENT SDN. BHD.,120000,"Keperluan Mendesak, Kontrak dengan Syarikat Pembuat Bumiputera, Satu Punca Bekalan/ Perkhidmatan (Pembuat/ Pemegang Frachais)"
"PERMOHONAN PEROLEHAN SECARA RUNDINGAN TERUS BAGI PEROLEHAN KERJA-KERJA MEMBEKAL DAN MEMASANG ATLASKOTE STANDARD SPORT SURFACING SYSTEM FOR RE-SURFACE OF SPORTS COURT, UNIVERSITI MALAYSIA PAHANG (TEMPOH KONTRAK 4 MINGGU DARI 1 DISEMBER 2014 HINGGA 31 DISEMBER 2014)",KERJA,KEMENTERIAN PENDIDIKAN,ACTIVE HYDRO CONTROL SDN BHD,397000,"Kepakaran, Keperluan Mendesak, Satu Punca Bekalan/ Perkhidmatan (Pembuat/ Pemegang Frachais)"
PERMOHONAN KELULUSAN UNTUK MELAKSANAKAN PEROLEHAN SECARA RUNDINGAN TERUS DENGAN TIGA (3) HOTEL BAGI PERKHIDMATAN PAKEJ PENGINAPAN TERMASUK MAKAN DAN MINUM KEPADA PESERTA KEJOHANAN SUKAN PRESTASI TINGGI SEKOLAH (SPTS) PERINGKAT KEBANGSAAN KALI KE-3 TAHUN 2013 DI NEGERI KEDAH,BEKALAN DAN PERKHIDMATAN BUKAN PERUNDING,KEMENTERIAN PENDIDIKAN,"PKNK HOTELS SDN BHD, SETAR PROJEK (M) SDN.BHD., GRAND CENTRAL ENTERPRISES BHD.",444520,Keperluan Mendesak
PERMOHONAN KELULUSAN KONTRAK PERKHIDMATAN PENYELENGGARAAN PERALATAN BAGI SATU (1) UNIT AXIOM ARTIS DFA ANGIOGRAPHY SYSTEM SECARA RUNDINGAN TERUS DENGAN AGEN TUNGGAL TEMPATAN,BEKALAN DAN PERKHIDMATAN BUKAN PERUNDING,KEMENTERIAN PENDIDIKAN,SIEMENS MALAYSIA SDN. BHD.,460000,"Satu Punca Bekalan/ Perkhidmatan (Pembuat/ Pemegang Frachais), Kepakaran"
PERMOHONAN KELULUSAN PENYAMBUNGAN KONTRAK PENYELENGGARAAN RANGKAIAN KAMPUS UNIVERSITI SAINS ISLAM MALAYSIA (USIM),PERKHIDMATAN BUKAN PERUNDING,KEMENTERIAN PENDIDIKAN,MESINIAGA BERHAD,640000,"Kepakaran, Penyeragaman, Satu Punca Bekalan/ Perkhidmatan (Pembuat/ Pemegang Frachais)"
PERMOHONAN KELULUSAN KEMENTERIAN KEWANGAN BAGI MELAKSANAKAN PROGRAM LATIHAN KEMAHIRAN BERFIKIR ARAS TINGGI (KBAT) KEPADA GURU MATEMATIK DAN SAINS BAGI TAHUN 2013 SECARA RUNDINGAN TERUS,PERKHIDMATAN BUKAN PERUNDING,KEMENTERIAN PENDIDIKAN,REGIONAL CENTRE FOR EDUCATION IN SCIENCE AND MATHEMATICS,1100000,Kepakaran
PERMOHONAN KELULUSAN KEMENTERIAN KEWANGAN BAGI PEROLEHAN PERKHIDMATAN PENGURUSAN PROMOSI KEMENTERIAN PELAJARAN MALAYSIA (KPM) SECARA RUNDINGAN TERUS DENGAN MEDIA PRIMA BERHAD,BEKALAN DAN PERKHIDMATAN BUKAN PERUNDING,KEMENTERIAN PENDIDIKAN,MEDIA PRIMA BERHAD,26257694,Satu Punca Bekalan/ Perkhidmatan (Pembuat/ Pemegang Frachais)
PERMOHONAN KELULUSAN PEROLEHAN SECARA RUNDINGAN TERUS UNTUK MENDAPATKAN PERKHIDMATAN MENJALANKAN KURSUS BERIMPAK TINGGI DALAM MELAKSANAKAN DASAR TRANSFORMASI PENDIDIKAN VOKASIONAL 2013 OLEH RANACO MARINE SDN. BHD. DAN KRU ACADEMY SDN. BHD. BAGI PROJEK USAHA SAMA SEKTOR AWAM SWASTA KEPADA KPM BAGI TEMPOH TUJUH (7) TAHUN,PERKHIDMATAN BUKAN PERUNDING,KEMENTERIAN PENDIDIKAN,"RANACO MARINE SDN. BHD. (KEPAKARAN : LATIHAN MARITIM), KRU ACADEMY SDN. BHD. (KEPAKARAN : MULTIMEDIA-ANIMATOR)",62366400,Kepakaran
PERMOHONAN RUNDINGAN TERUS BAGI PERKHIDMATAN INTERPRETASI SERENTAK PERSIDANGAN GLOBAL SUMMIT OF WOMEN 2013,BEKALAN DAN PERKHIDMATAN BUKAN PERUNDING,"KEMENTERIAN PEMBANGUNAN WANITA, KELUARGA DAN MASYARAKAT",INSTITUT TERJEMAHAN NEGARA MALAYSIA BERHAD,290250,Satu Punca Bekalan/ Perkhidmatan (Pembuat/ Pemegang Frachais)
PERMOHONAN KELULUSAN KHAS BAGI PELANTIKAN CENTRE OF EXCELLENCE (COE) SPA UNTUK MELAKSANAKAN KURSUS NOSS JURUTERAPI SPA (MP-061-3:2012) MENGGUNAKAN KAEDAH SISTEM LATIHAN DUAL NASIONAL,PERKHIDMATAN BUKAN PERUNDING,KEMENTERIAN PELANCONGAN DAN KEBUDAYAAN MALAYSIA,BEAUBELLE AESTHETICS ACADEMY SDN. BHD.,700000,"Penyeragaman, Satu Punca Bekalan/ Perkhidmatan (Pembuat/ Pemegang Frachais)"
PERMOHONAN PERKHIDMATAN PENYELENGGARAAN PEMBACA PASPORT DI SEMUA PINTU KELUAR/MASUK JABATAN IMIGRESEN MALAYSIA SECARA RUNDINGAN TERUS DENGAN NERS SDN. BHD.,PERKHIDMATAN BUKAN PERUNDING,KEMENTERIAN DALAM NEGERI,NERS SDN. BHD.,1905000,"Penyeragaman, Satu Punca Bekalan/ Perkhidmatan (Pembuat/ Pemegang Frachais)"
PEMBEKALAN UNIFORM SIAP UNTUK POLIS DIRAJA MALAYSIA (PDRM) BAGI TEMPOH SATU TAHUN,BEKALAN,KEMENTERIAN DALAM NEGERI,OPTIMUM EIGHT SDN. BHD,3950000,Penyeragaman
PEROLEHAN SECARA RUNDINGAN TERUS BAGI PEMBEKALAN UNIFORM CELORENG DIGITAL UNTUK PASUKAN SUKARELAWAN MALAYSIA (RELA) OLEH SYARIKAT JAKEL TRADING BAGI TEMPOH SATU TAHUN,BEKALAN,KEMENTERIAN DALAM NEGERI,JAKEL TRADING,5154516,"Penyeragaman, Keperluan Mendesak"
MEMOHON KELULUSAN KHAS PENGECUALIAN SEBUTHARGA BAGI MENGADAKAN MAJLIS KONVOKESYEN IKBN KALI KE-9 TAHUN 2013 DI PUSAT KONVENSYEN ANTARABANGSA PUTRAJAYA PADA 6 HINGGA 7 MEI 2013(PEROLEHAN ONE OFF),BEKALAN DAN PERKHIDMATAN BUKAN PERUNDING,KEMENTERIAN BELIA DAN SUKAN,PUSAT KONVENSYEN ANTARABANGSA PUTRAJAYA,99435,Keperluan Mendesak
PERMOHONAN KELULUSAN KHAS BAGI PELANTIKAN UNIVERSITI MALAYSIA SABAH (UMS) SEMPENA PROGRAM PERTANDINGAN DEBAT PERPADUAN JPNIN TAHUN 2013 SECARA RUNDINGAN TERUS,BEKALAN DAN PERKHIDMATAN BUKAN PERUNDING,JABATAN PERDANA MENTERI,UNIVERSITI MALAYSIA SABAH,95915,Keperluan Mendesak
PERMOHONAN PEROLEHAN SECARA RUNDINGAN TERUS BAGI PERKHIDMATAN KERJA-KERJA OPERASI DAN SELENGGARA DI KEDIAMAN RUMAH RASMI KETUA HAKIM NEGARA (JANUARI - MAC 2013),PERKHIDMATAN BUKAN PERUNDING,JABATAN PERDANA MENTERI,JASAKON SDN. BHD.,99000,Penyeragaman
PERMOHONAN KELULUSAN KHAS BAGI PELANTIKAN SECARA RUNDINGAN TERUS PEROLEHAN UNTUK PERKHIDMATAN MEMBANGUNKAN MODUL KURSUS SIJIL HUBUNGAN ETNIK,PERKHIDMATAN BUKAN PERUNDING,JABATAN PERDANA MENTERI,INSTITUT KAJIAN ETNIK,106000,"Satu Punca Bekalan/ Perkhidmatan (Pembuat/ Pemegang Frachais), Kepakaran"
PERMOHONAN MELANTIK SALT MEDIA CONSULTANCY SDN. BHD. SECARA RUNDINGAN TERUS BAGI MELAKSANAKAN PENJENAMAAN DAN PROMOSI TRANSFORMASI JABATAN PERKHIDMATAN AWAM,PERKHIDMATAN BUKAN PERUNDING,JABATAN PERDANA MENTERI,SALT MEDIA CONSULTANCY SDN. BHD.,138450,Kepakaran
PERMOHONAN KELULUSAN SECARA RUNDINGAN TERUS BAGI THE SENIOR EXECUTIVE PROGRAMME OLEH ASIAN INSTITUTE OF MANAGEMENT (MIA) PHILIPHINES,PERKHIDMATAN BUKAN PERUNDING,JABATAN PERDANA MENTERI,ASIAN INSTITUTE OF MANAGEMENT,200000,"Satu Punca Bekalan/ Perkhidmatan (Pembuat/ Pemegang Frachais), Kepakaran"
PERMOHONAN KELULUSAN KHAS BAGI PELANTIKAN SECARA RUNDINGAN TERUS PEROLEHAN UNTUK MAJLIS PERHIMPUNAN PERDANA RT DAN PERSIDANGAN RT JPNIN TAHUN 2013,BEKALAN DAN PERKHIDMATAN BUKAN PERUNDING,JABATAN PERDANA MENTERI,"DE PALMA MANAGEMENT SERVICES SDN. BHD., PUTRAJAYA INTERNATIONAL CONVENTION CENTRE",339700,Keperluan Mendesak
"PERMOHONAN KELULUSAN PEROLEHAN SECARA RUNDINGAN TERUS BAGI 2 PERALATAN PERUBATAN:-
I.  ALAT MAGNETIK RESONANCE IMAGING SYSTEM 1.5 TESLA (WIDE BORE PREMIUM) JENAMA PHILIPS INGENIA 1.5T; DAN
II.   ALAT COMPUTED TOMOGRAPHY SUITE AND ASSOCIATED WORKS (MAIN CT SCAN) JENAMA PHILIPS BRILLIANCE ICT SP

UNTUK KEGUNAAN JABATAN PENGIMEJAN DIAGNOSTIK, HOSPITAL KUALA LUMPUR DENGAN SYARIKAT ADVANCE ALTIMAS SDN BHD.",BEKALAN,KEMENTERIAN KESIHATAN,ADVANCE ALTIMAS SDN.BHD.,13496080,"Kepakaran, Keperluan Mendesak"
PERMOHONAN RUNDINGAN TERUS BAGI PELANTIKAN SEMULA GAS PANTAI TIMUR SDN. BHD. BAGI MEMBEKALKAN GAS PERUBATAN KEPADA SEMUA HOSPITAL DAN PEJABAT KESIHATAN KEMENTERIAN KESIHATAN DI SEMENANJUNG MALAYSIA SELAMA LIMA (5) TAHUN MULAI 1 JANUARI 2015 SEHINGGA 31 DISEMBER 2019,BEKALAN,KEMENTERIAN KESIHATAN,GAS PANTAI TIMUR SDN BHD,205525660,Satu Punca Bekalan/ Perkhidmatan (Pembuat/ Pemegang Frachais)
"KERJA-KERJA MENGOPERASI DAN MENELENGGARA LOJI INSINERATOR PULAU LANGKAWI,KEDAH",KERJA,"KEMENTERIAN KESEJAHTERAAN BANDAR, PERUMAHAN DAN KERAJAAN TEMPATAN",XCN TECHNOLOGY SDN BHD,7441607,Penyeragaman
"PROGRAM PERUMAHAN RAKYAT (PPR) JABATAN PERUMAHAN NEGARA, KPKT SECARA RUNDINGAN TERUS BAGI PPR AYER PANAS, MELAKA
BIL. UNIT : 500 UNIT
TEMPOH PEMBINAAN : 30 BULAN",KERJA,"KEMENTERIAN KESEJAHTERAAN BANDAR, PERUMAHAN DAN KERAJAAN TEMPATAN",PERMATA REBANA SDN. BHD.,80000000,Keperluan Mendesak
"PROGRAM PERUMAHAN RAKYAT (PPR) JABATAN PERUMAHAN NEGARA, KPKT SECARA RUNDINGAN TERUS BAGI PPR KOTA SETAR, ALOR SETAR, KEDAH
BIL UNIT : 500 UNIT
TEMPOH PEMBINAAN : 36 BULAN",KERJA,"KEMENTERIAN KESEJAHTERAAN BANDAR, PERUMAHAN DAN KERAJAAN TEMPATAN",TULANGIS MAJU SDN. BHD.,95000000,Keperluan Mendesak
"PROGRAM PERUMAHAN RAKYAT (PPR) JABATAN PERUMAHAN NEGARA, KPKT SECARA RUNDINGAN TERUS BAGI PPR DIMILIKI DIPAYA RUMPUT, MELAKA TENGAH, MELAKA
BIL. UNIT : 600 UNIT
TEMPOH PEMBINAAN : 36 BULAN",KERJA,"KEMENTERIAN KESEJAHTERAAN BANDAR, PERUMAHAN DAN KERAJAAN TEMPATAN",GEMAWAN BINA SDN. BHD.,101000000,Keperluan Mendesak
"PROGRAM PERUMAHAN RAKYAT (PPR) JABATAN PERUMAHAN NEGARA, KPKT SECARA RUNDINGAN TERUS BAGI PPR KOTA BHARU, KELANTAN
BIL UNIT : 1,000 UNIT
TEMPOH PEMBINAAN : 36 BULAN",KERJA,"KEMENTERIAN KESEJAHTERAAN BANDAR, PERUMAHAN DAN KERAJAAN TEMPATAN",INSPIRASI PERKASA SDN. BHD.,188624500,Keperluan Mendesak
"PROJEK MENAIK TARAF TERMINAL PENUMPANG DAN JETI, PEMBINAAN BANGUNAN CIQ DAN JETI BARU DI JETI KUAH, LANGKAWI, KEDAH",KERJA,KEMENTERIAN KERJA RAYA,UZAIMIN ENTERPRISE (ALOR SETAR) SDN. BHD.,86500000,Keperluan Mendesak
"PERMOHONAN RUNDINGAN TERUS PROJEK PEMBINAAN TANGKI AIR DAN PEMASANGAN PAIP RETIKULASI UNTUK PEMBANGUNAN PERUMAHAN DAN INFRASTRUKTUR DI PLOT A BAGI PENDUDUK YANG TERLIBAT DENGAN PEMBANGUNAN HUB INDUSTRI MINYAK DAN GAS DI PENGERANG, KOTA TINGGI, JOHOR BAGI TEMPOH 18 BULAN",KERJA,KEMENTERIAN KEMAJUAN LUAR BANDAR DAN WILAYAH,RANHILL WATER SERVICES SDN. BHD.,16978831,Kepakaran
"PERMOHONAN KELULUSAN PEROLEHAN SECARA RUNDINGAN TERUS BAGI KHIDMAT KONSULTAN BAGI KURSUS PEMBENTUKAN KARAKTER MELALUI PENGHAYATAN NILAI-NILAI MURNI KEPADA PEGAWAI KUMPULAN PENGURUSAN DAN PROFESIONAL SERTA KUMPULAN SOKONGAN, KEMENTERIAN DALAM NEGERI SERTA JABATAN/AGENSI DI BAWAHNYA",PERKHIDMATAN BUKAN PERUNDING,KEMENTERIAN DALAM NEGERI,ESQ LEADERSHIP CENTER SDN. BHD.,1250000,Satu Punca Bekalan/ Perkhidmatan (Pembuat/ Pemegang Frachais)
PERMOHONAN KELULUSAN RUNDINGAN TERUS BAGI PELANTIKAN PERSATUAN PENGILANG-PENGILANG KASUT MALAYSIA SEBAGAI PERUNDING ACARA MALAYSIA INTERNATIONAL SHOE FESTIVAL (MISF) TAHUN 2013 YANG BERLANGSUNG PADA 28 HINGGA 31 MAC 2013,PERKHIDMATAN BUKAN PERUNDING,KEMENTERIAN PELANCONGAN DAN KEBUDAYAAN MALAYSIA,MALAYSIAN FOOTWEAR MANUFACTURERS ASSOCIATION,3188000,Kepakaran
PERMOHONAN RUNDINGAN TERUS BAGI PELANTIKAN SYARIKAT GOLDEN HOLIDAYS AGENCY SDN BHD SEBAGAI PEMBEKAL PERKHIDMATAN UNTUK PERSIAPAN LOGISTIK DAN KEPERLUAN TEKNIKAL SEMPENA PROGRAM MINGGU BUDAYA MALAYSIA ISTANBUL 2014 (4-10 SEPT 2014),PERKHIDMATAN BUKAN PERUNDING,KEMENTERIAN PELANCONGAN DAN KEBUDAYAAN MALAYSIA,GOLDEN HOLIDAYS AGENCY SDN. BHD.,3615171,Kepakaran
"PERMOHONAN KELULUSAN PEROLEHAN SECARA RUNDINGAN TERUS BAGI PERKHIDMATAN KEPADA SYARIKAT PENGANGKUTAN AWAM PUTRAJAYA SDN BHD BAGI MENJAYAKAN PELAN PROMOSI LUARAN (OUTDOOR) KESEDARAN ASEAN 2015 KEPADA SYARIKAT PENGANGKUTAN AWAM PUTRAJAYA SDN BHD
TEMPOH : 3 BULAN",PERKHIDMATAN BUKAN PERUNDING,KEMENTERIAN LUAR NEGERI,PENGANGKUTAN AWAM PUTRAJAYA SDN. BHD.,70000,Keperluan Mendesak
"PERMOHONAN PEROLEHAN PERKHIDMATAN SEWAAN KHAS PESAWAT FIREFLY (CHARTERED AIRCRAFT) SECARA RUNDINGAN TERUS UNTUK PERSIDANGAN KETUA-KETUA PERWAKILAN MALAYSIA KE 8, KEMENTERIAN LUAR NEGERI",BEKALAN DAN PERKHIDMATAN BUKAN PERUNDING,KEMENTERIAN LUAR NEGERI,FLYFIREFLY SDN. BHD.,258000,Keperluan Mendesak
PERMOHONAN PEROLEHAN SECARA RUNDINGAN TERUS PERKHIDMATAN BROADBAND UNIFI BAGI AKSES INTERNET MELALUI WIFI DI ANGKASAPURI DENGAN TELEKOM MALAYSIA,PERKHIDMATAN BUKAN PERUNDING,KEMENTERIAN KOMUNIKASI DAN MULTIMEDIA,TELEKOM MALAYSIA BERHAD,107856,"Satu Punca Bekalan/ Perkhidmatan (Pembuat/ Pemegang Frachais), Keperluan Mendesak"
"PEROLEHAN SECARA RUNDINGAN TERUS BAGI HAK SIARAN BADMINTON TERBUKA MALAYSIA, MALAYSIA OPEN GP GOLD, MALAYSIA INTERNATIONAL CHALLENGE DAN KEJOHANAN BAM UNTUK TAHUN 2014 DENGAN PERSATUAN BADMINTON MALAYSIA MULAI 1 JANUARI 2014 HINGGA 31 DISEMBER 2014",BEKALAN DAN PERKHIDMATAN BUKAN PERUNDING,KEMENTERIAN KOMUNIKASI DAN MULTIMEDIA,PERSATUAN BADMINTON MALAYSIA,410000,"Keperluan Mendesak, Satu Punca Bekalan/ Perkhidmatan (Pembuat/ Pemegang Frachais)"
PERMOHONAN KELULUSAN PEROLEHAN SECARA RUNDINGAN TERUS BAGI PERLANJUTAN KONTRAK PERKHIDMATAN PAKEJ BERITA MELALUI BERNAMA DAILY NEWS UPDATES BAGI TEMPOH 1 JULAI 2013 HINGGA 30 JUN 2016,BEKALAN DAN PERKHIDMATAN BUKAN PERUNDING,KEMENTERIAN KOMUNIKASI DAN MULTIMEDIA,PERTUBUHAN BERITA NASIONAL MALAYSIA,420000,Satu Punca Bekalan/ Perkhidmatan (Pembuat/ Pemegang Frachais)
PERMOHONAN PELANJUTAN PEROLEHAN SECARA RUNDINGAN TERUS PEMBELIAN RUANG MEDIA DENGAN THE NEW STRAITS TIMES PRESS (M) BERHAD BAGI TEMPOH 1 JANUARI 2013 HINGGA 31 DISEMBER 2013,BEKALAN DAN PERKHIDMATAN BUKAN PERUNDING,KEMENTERIAN KOMUNIKASI DAN MULTIMEDIA,THE NEW STRAITS TIMES PROPERTIES SDN BHD,2390000,Satu Punca Bekalan/ Perkhidmatan (Pembuat/ Pemegang Frachais)
PEROLEHAN SECARA RUNDINGAN TERUS BAGI MENYAMBUNG LANGGANAN PERKHIDMATAN BAHAN BERITA DARIPADA THOMSON REUTERS MALAYSIA SDN BHD BAGI TEMPOH TIGA (3) TAHUN,BEKALAN DAN PERKHIDMATAN BUKAN PERUNDING,KEMENTERIAN KOMUNIKASI DAN MULTIMEDIA,THOMSON REUTERS MALAYSIA SDN BHD,3656972,Satu Punca Bekalan/ Perkhidmatan (Pembuat/ Pemegang Frachais)
"PEROLEHAN SECARA RUNDINGAN TERUS PERJANJIAN KONTRAK BARU DENGAN HEITECH PADU BERHAD BAGI SEWAAN RUANG SISTEM DAN STORAN PUSAT DATA DI HEITECH VILLAGE 2 (HTV2) SHAH ALAM, SELANGOR",BEKALAN DAN PERKHIDMATAN BUKAN PERUNDING,KEMENTERIAN KOMUNIKASI DAN MULTIMEDIA,HEITECH PADU BERHAD,3841600,Keperluan Mendesak
PERMOHONAN PEROLEHAN SECARA RUNDINGAN TERUS DENGAN SYARIKAT ING PUBLIC TAKAFUL EHSAN BERHAD BAGI MENDAPATKAN PERKHIDMATAN PELAKSANAAN KEMUDAHAN INSURANS PERUBATAN DAN RAWATAN KLINIK PESAKIT LUAR KEPADA PEKERJA PERBADANAN HARTA INTELK MALAYSIA,PERKHIDMATAN BUKAN PERUNDING,"KEMENTERIAN PERDAGANGAN DALAM NEGERI, KOPERASI DAN KEPENGGUNAAN",ING PUBLIC TAKAFUL EHSAN BERHAD,394837,Kepakaran
"PERMOHONAN KELULUSAN UNTUK PEROLEHAN SECARA RUNDINGAN TERUS BAGI MEMBEKAL, MENGHANTAR, MEMASANG, MENGUJITERIMA DAN MENTAULIAH PENINGKATAN, PERLUASAN SERTA PENYELENGGARAAN SISTEM PEMBERITAHUAN SECARA SUKARELA HAK CIPTA TERMASUK APLIKASI DAN PERKAKASAN SEDIA ADA DAN BARU",PERKHIDMATAN BUKAN PERUNDING,"KEMENTERIAN PERDAGANGAN DALAM NEGERI, KOPERASI DAN KEPENGGUNAAN",3F RESOURCES SDN. BHD.,1910263,"Keperluan Mendesak, Penyeragaman"
"PERMOHONAN PEROLEHAN SECARA RUNDINGAN TERUS BAGI PENYELENGGARAAN SISTEM ILMU, PUSAT SUMBER KEMENTERIAN PERDAGANGAN ANTARABANGSA DAN INDUSTRI (MITI)",PERKHIDMATAN BUKAN PERUNDING,KEMENTERIAN PERDAGANGAN ANTARABANGSA DAN INDUSTRI,PARADIGM SYSTEMS BERHAD,75000,"Penyeragaman, Satu Punca Bekalan/ Perkhidmatan (Pembuat/ Pemegang Frachais)"
"MEMOHON KELULUSAN KHAS PERBENDAHARAAN UNTUK MELANTIK STORY CIRCLE SEBAGAI SYARIKAT PENGENDALI LATIHAN BAGI PROGRAM BAREFOOT LEADERSHIP CIRCLE DENGAN ANGGARAN KOS RM285,000.00",PERKHIDMATAN BUKAN PERUNDING,KEMENTERIAN PERDAGANGAN ANTARABANGSA DAN INDUSTRI,STORY CIRCLE,255000,Kepakaran
PERMOHONAN KELULUSAN KHAS UNTUK MELANTIK SYARIKAT STORY CIRCLE SEBAGAI SYARIKAT PELAKSANA LATIHAN BAGI PROGRAM BAREFOOT LEADERSHIP CIRCLES 3.0 (PEMBANGUNAN PEWARIS KEPIMPINAN STRATEGIK & PELAN PENGGANTIAN MITI),PERKHIDMATAN BUKAN PERUNDING,KEMENTERIAN PERDAGANGAN ANTARABANGSA DAN INDUSTRI,STORY CIRCLE,278000,"Kepakaran, Penyeragaman"
PERMOHONAN KELULUSAN PEROLEHAN SECARA RUNDINGAN TERUS BAGI PELAKSANAAN PROGRAM PENSIJILAN 1-INNOCERT,PERKHIDMATAN BUKAN PERUNDING,KEMENTERIAN PERDAGANGAN ANTARABANGSA DAN INDUSTRI,SIRIM BERHAD,699600,Satu Punca Bekalan/ Perkhidmatan (Pembuat/ Pemegang Frachais)
"MEMOHON KELULUSAN KHAS KEMENTERIAN KEWANGAN UNTUK MELANTIK MELAKA INTERNATIONAL TRADE CENTRE SDN BHD (MITC) BAGI MENGANJURKAN SHOWCASE SATU DAERAH SATU INDUSTRI PERINGKAT NASIONAL 2014 (SHOWCASE SDSI 2014) PADA 4 - 7 DISEMBER 2014 DI MITC, MELAKA DENGAN ANGGARAN KOS RM2,425,000.00",PERKHIDMATAN BUKAN PERUNDING,KEMENTERIAN PERDAGANGAN ANTARABANGSA DAN INDUSTRI,MELAKA INTERNATIONAL TRADE CENTRE SDN. BHD.,2360000,"Kepakaran, Satu Punca Bekalan/ Perkhidmatan (Pembuat/ Pemegang Frachais)"
PELANTIKAN PENYELIA PERKHIDMATAN PENGKOMERSILAN TEKNOLOGI BAGI MENGHASILKAN INOVASI PRODUK DI BAWAH PROGRAM GREEN LED/SOLID STATE LIGHTING UNTUK SME CORPORATION MALAYSIA,PERKHIDMATAN BUKAN PERUNDING,KEMENTERIAN PERDAGANGAN ANTARABANGSA DAN INDUSTRI,B DEC RESOURCES MALAYSIA SDN BHD,6272500,Penyeragaman
"A)MEMPERBAHARUI PERJANJIAN PENYELENGGARAAN  SISTEM KEWANGAN SAGA SECARA RUNDINGAN TERUS DENGAN CENTURY SOFTWARE (M) SDN. BHD. BAGI TEMPOH SATU TAHUN 2014.

B)MENAIK TARAF SISTEM KEWANGAN SAGA DARIPADA VERSI 7.6 KEPADA VERSI 8.2 SECARA RUNDINGAN TERUS DENGAN CENTURY SOFTWARE (M) SDN. BHD.",PERKHIDMATAN BUKAN PERUNDING,KEMENTERIAN PENGANGKUTAN,CENTURY SOFTWARE (MALAYSIA) SDN. BHD.,339200,"Satu Punca Bekalan/ Perkhidmatan (Pembuat/ Pemegang Frachais), Penyeragaman"
PERKHIDMATAN PENYELENGGARAAN SISTEM ELEKTRONIK DAGANGAN BERBAHAYA DAN ZON BEBAS (EDCFZ) SELAMA TIGA (3) TAHUN BERMULA DARIPADA 20/2/2014 HINGGA 19/2/2017 SECARA RUNDINGAN TERUS DENGAN DAGANG NET TECHNOLOGIES SDN. BHD.,PERKHIDMATAN BUKAN PERUNDING,KEMENTERIAN PENGANGKUTAN,DAGANG NET TECHNOLOGIES SDN. BHD.,420000,"Penyeragaman, Satu Punca Bekalan/ Perkhidmatan (Pembuat/ Pemegang Frachais)"
"PERMOHONAN UNTUK MELAKSANAKAN PERKHIDMATAN MENYEDIAKAN IKLAN DI BADAN BAS SHUTTLE KLIA2, BAS METRO DAN BAS RAPID KL SECARA RUNDINGAN TERUS DENGAN SYARIKAT MESRA INDAH JAYA SDN. BHD SEMPENA MAHA 2014 PADA 20 HINGGA 30 NOVEMBER 2014",PERKHIDMATAN BUKAN PERUNDING,KEMENTERIAN PERTANIAN DAN INDUSTRI ASAS TANI,MESRA INDAH JAYA AUTOPART SERVICES & TRADING SDN. BHD.,128000,"Satu Punca Bekalan/ Perkhidmatan (Pembuat/ Pemegang Frachais), Penyeragaman"
"PERMOHONAN UNTUK MELAKSANAKAN PEROLEHAN MEMBEKAL TIGA (3) UNIT MESIN MENANAM PADI JENIS MENUNGGANG DAN MENANAM BERBARIS 6 KE BAHAGIAN KEJURUTERAAN PERTANIAN, JABATAN PERTANIAN, JABATAN PERTANIAN SERDANG SECARA RUNDINGAN TERUS",BEKALAN,KEMENTERIAN PERTANIAN DAN INDUSTRI ASAS TANI,MINDA AGRIMACHINERY SDN BHD,144000,Satu Punca Bekalan/ Perkhidmatan (Pembuat/ Pemegang Frachais)
PELANJUTAN KONTRAK SYARIKAT ALAM TEKNOKRAT SDN BHD BAGI PERKHIDMATAN PEMBANGUNAN LAMAN WEB LEMBAGA PERINDUSTRIAN NANAS MALAYSIA (LPNM) TAHUN 2015 UNTUK TEMPOH SATU (1) TAHUN,PERKHIDMATAN BUKAN PERUNDING,KEMENTERIAN PERTANIAN DAN INDUSTRI ASAS TANI,ALAM TEKNOKRAT SDN. BHD.,151200,"Penyeragaman, Kepakaran"
PELANTIKAN PUTRAJAYA INTERNATIONAL CONVENTION CENTRE SDN BHD (PICC) UNTUK MAJLIS KONVOKESYEN SEKTOR PERTANIAN 2014 ANJURAN MAJLIS LATIHAN PERTANIAN KEBANGSAAN (NATC) DENGAN KERJASAMA JABATAN PERTANIAN MALAYSIA DAN JABATAN PERKHIDMATAN VETERINAR MALAYSIA PADA 29 DAN 30 OKTOBER 2014,PERKHIDMATAN BUKAN PERUNDING,KEMENTERIAN PERTANIAN DAN INDUSTRI ASAS TANI,PUTRAJAYA INTERNATIONAL CONVENTION CENTRE SDN BHD,157780,Satu Punca Bekalan/ Perkhidmatan (Pembuat/ Pemegang Frachais)
"PERMOHONAN UNTUK MELAKSANAKAN PERKHIDMATAN PENYELENGGARAAN PERALATAN LIQUID CHROMATOGRAPH TRIPLE QUADRUPOLE MASS SPECTOMETER (LCMSMS) SELAMA DUA (2) TAHUN SECARA RUNDINGAN TERUS OLEH BAHAGIAN KAWALAN RACUN PEROSAK, JABATAN PERTANIAN SELAMA DUA (2) TAHUN",PERKHIDMATAN BUKAN PERUNDING,KEMENTERIAN PERTANIAN DAN INDUSTRI ASAS TANI,ANALISA RESOURCES (M) SDN. BHD.,180000,Satu Punca Bekalan/ Perkhidmatan (Pembuat/ Pemegang Frachais)
"RUNDINGAN TERUS BAGI MEMBEKAL, MENGHANTAR, MEMASANG DAN MENGUJIGUNA SATU (1) UNIT MASS SELECTIVE DETECTOR KE PUSAT PENYELIDIKAN PADI & TANAMAN INDUSTRI, IBU PEJABAT MARDI SERDANG  (ONE-OFF BAGI TAHUN 2014)",BEKALAN,KEMENTERIAN PERTANIAN DAN INDUSTRI ASAS TANI,AGILENT TECHNOLOGIES SALES (MALAYSIA) SDN. BHD.,205000,"Satu Punca Bekalan/ Perkhidmatan (Pembuat/ Pemegang Frachais), Penyeragaman"
"RUNDINGAN TERUS BAGI KONTRAK PERKHIDMATAN SOKONGAN DAN PENYELENGGARAAN SISTEM PENGURUSAN MAKMAL [LABORATORY INFORMATION MANAGEMENT SYSTEM (LIMS)] DI PUSAT PENYELIDIKAN BIOTEKNOLOGI, IBU PEJABAT MARDI SERDANG, SELANGOR UNTUK TEMPOH SATU (1) TAHUN MULAI 1/11/2014 HINGGA 31/10/2015",PERKHIDMATAN BUKAN PERUNDING,KEMENTERIAN PERTANIAN DAN INDUSTRI ASAS TANI,EFFECTIVE SHIELD SDN. BHD.,220800,"Satu Punca Bekalan/ Perkhidmatan (Pembuat/ Pemegang Frachais), Penyeragaman"
"RUNDINGAN TERUS BAGI CADANGAN MENGUBAHSUAI DUA UNIT (2) BILIK SEJUK SEDIA ADA MENJADI AIRTIGHT CA ROOM DAN KERJA-KERJA BERKAITAN DI KOMPLEKS LEPAS TUAI, PUSAT PENYELIDIKAN HORTIKULTUR, IBU PEJABAT MARDI SERDANG, SELANGOR (TEMPOH SIAP 6 BULAN)",KERJA,KEMENTERIAN PERTANIAN DAN INDUSTRI ASAS TANI,ETD MAKMUR (M) SDN.BHD.,265500,"Penyeragaman, Satu Punca Bekalan/ Perkhidmatan (Pembuat/ Pemegang Frachais), Kepakaran"
PERMOHONAN PEMBELIAN 11 UNIT KIT UJIAN ELISA KIT FOR FMD ANTIBODY DETECTION (LIQUID PHASE BLOCKING IMMUNOASSAY) DAN 1 UNIT KIT ELISA KIT FOR FMD ANTIGEN DETECTION DARIPADA BIOLOGICAL DIAGNOSTIC SUPPLIES LIMITED SECARA RUNDINGAN TERUS( TAHUN 2014),BEKALAN,KEMENTERIAN PERTANIAN DAN INDUSTRI ASAS TANI,BIOLOGICAL DIAGNOSTIC SUPPLIES LIMITED,276779,Satu Punca Bekalan/ Perkhidmatan (Pembuat/ Pemegang Frachais)
PERMOHONAN KELULUSAN PEROLEHAN SECARA RUNDINGAN TERUS BAGI MELAKSANAKAN KERJA-KERJA PENAMBAHBAIKAN APLIKASI SISTEM PORTAL E-NELAYAN SELARAS DENGAN PENINGKATAN PERISIAN-PERISIAN SERVER DARI TEKNOLOGI 32BIT KEPADA 64BIT DENGAN EBI RESOURCES SDN BHD.,PERKHIDMATAN BUKAN PERUNDING,KEMENTERIAN PERTANIAN DAN INDUSTRI ASAS TANI,EBI RESOURCES SDN. BHD.,300000,Penyeragaman
"PERMOHONAN KELULUSAN PERTAMBAHAN KUANTITI BAGI PEROLEHAN SECARA RUNDINGAN TERUS MEMBEKAL, MENGHANTAR, MEMASANG, MENGKONFIGURASI, MENGUJI DAN MENTAULIAH 2 UNIT MESIN PENGIMBAS BAGASI",BEKALAN DAN PERKHIDMATAN BUKAN PERUNDING,JABATAN PERDANA MENTERI,DINUAR SDN. BHD.,340000,Keperluan Mendesak
PERMOHONAN PERUBAHAN SKOP GOVERNMENT REGIONAL ELECTRONIC ADVANCE TRANSFORMATION (GREAST) FASA 1,BEKALAN DAN PERKHIDMATAN BUKAN PERUNDING,JABATAN PERDANA MENTERI,BRILLIANCE INFORMATION SDN BHD,375000,Keperluan Mendesak
PERMOHONAN KELULUSAN PEROLEHAN PERKHIDMATAN PENGURUSAN SEKURITI CONTENT FILTERING,PERKHIDMATAN BUKAN PERUNDING,JABATAN PERDANA MENTERI,GITN SDN. BERHAD,478800,Penyeragaman
PERMOHONAN KELULUSAN KHAS BAGI PEMBAHARUAN PENYELENGGARAAN PERISIAN ORACLE UNTUK NATIONAL ENTERPRISE WIDE STATISTICAL SYSTEMS DI JABATAN PERANGKAAN DENGAN SYARIKAT ORACLE CORPORATION (M) SDN. BHD. SECARA RUNDINGAN TERUS UNTUK TEMPOH 2 TAHUN,BEKALAN DAN PERKHIDMATAN BUKAN PERUNDING,JABATAN PERDANA MENTERI,ORACLE CORPORATION MALAYSIA SDN. BHD.,1310398,Satu Punca Bekalan/ Perkhidmatan (Pembuat/ Pemegang Frachais)
PERMOHONAN PEROLEHAN SECARA RUNDINGAN TERUS BAGI CADANGAN MENAIK TARAF SISTEM AUDIO DAN VISUAL DI BILIK MESYUARAT JEMAAH MENTERI,BEKALAN DAN PERKHIDMATAN BUKAN PERUNDING,JABATAN PERDANA MENTERI,IRIS CORPORATION BERHAD,1476650,Keperluan Mendesak
"PERMOHONAN KELULUSAN PEROLEHAN SECARA RUNDINGAN TERUS BAGI PERKHIDMATAN SEWAAN SUMBER ICT DAN PERKHIDMATAN KEPAKARAN TEKNIKLA APLIKASI UNTUK PELAKSANAAN SISTEM PEPERIKSAAN ONLINE DI SURUHANJAYA PERKHIDMATAN AWAM MALAYSIA
TEMPOH : 1 TAHUN (1 OGOS 2014 - 31 JULAI 2015)",PERKHIDMATAN BUKAN PERUNDING,JABATAN PERDANA MENTERI,"NOVATIS RESOURCES SDN BHD, JARING COMMUNICATIONS SDN. BHD.",1876300,"Kepakaran, Keperluan Mendesak"
"MEMOHON KELULUSAN LANTIKAN TERUS SEMBILAN (9) INSTITUT LATIHAN KEMAHIRAN SWASTA (ILKS) BAGI MELAKSANAKAN PROGRAM PENINGKATAN KAPASITI DAN KAPABILITI KUMPULAN KHUSUS (PPKK) BAGI TAHUN 2014 NEGERI PERLIS

TEMPOH KONTRAK : 6 - 12 BULAN (MENGIKUT KURSUS)",PERKHIDMATAN BUKAN PERUNDING,JABATAN PERDANA MENTERI,"JT AKADEMI SDN BHD, PUSAT PEMBANGUNAN KEMAHIRAN INDUSTRI DAN PENGURUSAN KEDAH (KISMEC), RANACO MARINE SDN. BHD., SILICON TECHNOLOGY CENTRE SDN. BHD., PUSAT TEKNIKAL SPECTRUM SDN. BHD., PUSAT LATIHAN KEMAHIRAN SLC SDN. BHD., KUMPULAN SM LANGKASUKA SDN. BHD., SAVECOST BUSINESS DEVELOPMENT AND TECHNICAL ACADEMY, SIKAP BUDAYA SDN. BHD.",2000000,Penyeragaman
"MEMOHON KELULUSAN UNTUK MELANTIK SYARIKAT KYM STES SDN. BHD. DAN KOLEJ RISDA SDN.BHD. BAGI MELAKSANAKAN PROGRAM PENINGKATAN KAPASITI DAN KAPABILIT KUMPULAN KHUSUS NEGERI MELAKA BAGI TAHUN 2014

TEMPOH KONTRAK :  1 - 12 BULAN (MENGIKUT KURSUS)",PERKHIDMATAN BUKAN PERUNDING,JABATAN PERDANA MENTERI,"KOLEJ RISDA SDN. BHD., KYM STES SDN. BHD.",3000000,"Penyeragaman, Keperluan Mendesak"
"PERMOHONAN KELULUSAN PEROLEHAN TAMBAHAN SKOP, PELANJUTAN TEMPOH DAN TAMBAHAN NILAI BAGI KONTRAK BUSINESS LICENSING ELECTRONIC SUPPORT SYSTEM (BLESS) DI UNIT PENYELARASAN DAN PELAKSANAAN (ICU) JABATAN PERDANA MENTERI UNTUK TEMPOH 18 BULAN",BEKALAN DAN PERKHIDMATAN BUKAN PERUNDING,JABATAN PERDANA MENTERI,XYBASE SDN. BHD.,4861000,Penyeragaman
"PERMOHONAN PEMBEKALAN 26,000 UNIT TANGKI AIR JENIS HDPE 400 GELEN UNTUK NEGERI SARAWAK SECARA RUNDINGAN TERUS BAGI TAHUN 2014",BEKALAN,JABATAN PERDANA MENTERI,"MICROSITE ENTERPRISE SDN. BHD., AUTOPOWER CONSULTANTS (M) SDN. BHD., PEMBINAAN RU SDN. BHD., SAMADO SDN. BHD., HANAYIN ENGINEERING SDN. BHD.",63840260,Penyeragaman
PEROLEHAN SECARA RUNDINGAN TERUS BAGI PERKHIDMATAN PENYELENGGARAAN SISTEM PENGURUSAN KESELAMATAN BERSEPADU (SPKB)SECARA KOMPREHENSIF UNTUK FASA 1 HINGGA FASA VIII,PERKHIDMATAN BUKAN PERUNDING,KEMENTERIAN KOMUNIKASI DAN MULTIMEDIA,STT TECHNOLOGIES SDN BHD,29709655,Penyeragaman
PERMOHONAN PELANJUTAN KONTRAK BAGI PELAKSANAAN DAN PERLUASAN PROJEK MALAYSIA EMERGENCY RESPONSE SERVICES 999 (MERS 999) UNTUK TAHUN 2013 HINGGA 2014 DENGAN TELEKOM MALAYSIA BHD (TM),BEKALAN DAN PERKHIDMATAN BUKAN PERUNDING,KEMENTERIAN KOMUNIKASI DAN MULTIMEDIA,TELEKOM MALAYSIA BERHAD,233000000,"Penyeragaman, Satu Punca Bekalan/ Perkhidmatan (Pembuat/ Pemegang Frachais)"
PERMOHONAN PEROLEHAN PERKHIDMATAN PROFESIONAL PERUNDINGAN INTERNET PROTOCOL VERSI 6 (IPV6) READINESS ASSESSMENT UNTUK PENSIJILAN IPV6 READY DAN IPV6 ENABLED WWW BAGI SISTEM RANGKAIAN LEMBAGA HASIL DALAM NEGERI MALAYSIA (LHDNM) SECARA RUNDINGAN TERUS DENGAN IPV6 GLOBAL SDN. BHD. (TEMPOH: 37 HARI (MAN DAYS)- MULAI 1 DISEMBER 2014 HINGGA 6 JANUARI 2015),PERKHIDMATAN BUKAN PERUNDING,KEMENTERIAN KEWANGAN,IPV6 GLOBAL SDN. BHD.,70000,Satu Punca Bekalan/ Perkhidmatan (Pembuat/ Pemegang Frachais)
PERMOHONAN KELULUSAN MELANTIK SYARIKAT VENTURE NUCLEUS (M) SDN BHD BAGI PERKHIDMATAN PENAMBAHBAIKAN UNTUK ACCESS CARD AND TIME ATTENDANCE SYSTEM (ACTAS) SECARA RUNDINGAN TERUS,BEKALAN DAN PERKHIDMATAN BUKAN PERUNDING,KEMENTERIAN KEWANGAN,VENTURE NUCLEUS (M) SDN. BHD.,74000,Penyeragaman
PEROLEHAN MENAIKTARAF KEKUNCI AKAR (ROOT KEY) PUBLIC KEY INFRASTRUCTURE (PKI) SISTEM PERAKAUNAN STANDARD KERAJAAN NEGERI (SPEKS) UNTUK TEMPOH 2 BULAN MULAI 1 NOVEMBER 2013 HINGGA 31 DISEMBER 2013,BEKALAN DAN PERKHIDMATAN BUKAN PERUNDING,KEMENTERIAN KEWANGAN,DIGICERT SDN. BHD.,81300,"Keperluan Mendesak, Penyeragaman"
MEMOHON KELULUSAN PEROLEHAN CENDERAHATI BERBENTUK JAM TANGAN PESARA WARGA JABATAN KASTAM DIRAJA MALAYSIA UNTUK TAHUN 2013 (PEMBEKALAN ONE OFF),BEKALAN,KEMENTERIAN KEWANGAN,BINTANG EKUITI SDN. BHD.,82460,Keperluan Mendesak
PERMOHONAN KELULUSAN BAGI PEROLEHAN MEMBEKAL DAN MENGHANTAR JUBAH AKADEMIK DI AKADEMI PERCUKAIAN MALAYSIA BANGI (APMB) DENGAN SYARIKAT PLEXUS ASIA SDN BHD SECARA RUNDINGAN TERUS,BEKALAN,KEMENTERIAN KEWANGAN,PLEXUS ASIA SDN. BHD.,88000,Penyeragaman
PERMOHONAN RUNDINGAN TERUS BAGI PEROLEHAN PERKHIDMATAN SISTEM PENGAWASAN MEDIA ONLINE SECARA RUNDINGAN TERUS DENGAN MNEWS MALAYSIA SDN BHD,PERKHIDMATAN BUKAN PERUNDING,KEMENTERIAN KEWANGAN,MNEWS MALAYSIA SDN BHD,99000,Satu Punca Bekalan/ Perkhidmatan (Pembuat/ Pemegang Frachais)
"PERMOHONAN KELULUSAN KHAS UNTUK CADANGAN PENAMBAHAN SKOP PERKHIDMATAN PENYELENGGARAAN BAGI SERVER, SISTEM PENGOPERASIAN, SISTEM APLIKASI & RANGKAIAN DI INSTITUSI PENILAIAN NEGARA (INSPEN)",BEKALAN DAN PERKHIDMATAN BUKAN PERUNDING,KEMENTERIAN KEWANGAN,NEW CORE SDN. BHD.,103500,Penyeragaman
PERMOHONAN KELULUSAN BAGI PELANTIKAN SYARIKAT VENTURE NUCLEAS (M) SDN. BHD. BAGI PERKHIDMATAN PENAMBAHBAIKAN UNTUK ACCESS CARD AND TIME ATTENDANCE SYSTEM (ACTAS) SECARA RUNDINGAN TERUS (DI KUMPULAN WANG SIMPANAN PEKERJA) (TEMPOH SIAP/PENGHANTARAN: 31 DISEMBER 2014),PERKHIDMATAN BUKAN PERUNDING,KEMENTERIAN KEWANGAN,VENTURE NUCLEUS (M) SDN. BHD.,110400,"Penyeragaman, Satu Punca Bekalan/ Perkhidmatan (Pembuat/ Pemegang Frachais)"
PELANTIKAN SYARIKAT TH IT RESOURCE CENTRE SECARA RUNDINGAN TERUS BAGI PERKHIDMATAN SISTEM (SOFTWARE) PENDAFTARAN PESERTA UNTUK PELANCARAN 1MALAYSIA ENTREPRENEURS (1MET) DI KLCC PADA 11 OKTOBER ANJURAN KEMENTERIAN KEWANGAN UNTUK TEMPOH SEWAAN SELAMA 3 HARI,BEKALAN DAN PERKHIDMATAN BUKAN PERUNDING,KEMENTERIAN KEWANGAN,TH IT RESOURCE CENTRE SDN. BHD.,293495,Keperluan Mendesak
"PERMOHONAN PEROLEHAN PERKHIDMATAN PENYEWAAN ENAM (6) UNIT MESIN PENGIMBAS TERMASUK PERKAKASAN DAN PERISIAN DI JABATAN PEMPROSESAN MAKLUMAT (JPPM), LEMBAGA HASIL DALAM NEGERI MALAYSIA (LHDNM) SECARA RUNDINGAN TERUS DENGAN LEADINGEDGE IT SOLUTION SDN. BHD. (TEMPOH: SATU (1) TAHUN,MULAI 15 OKTOBER 2014 - 14 OKTOBER 2015)",BEKALAN DAN PERKHIDMATAN BUKAN PERUNDING,KEMENTERIAN KEWANGAN,LEADINGEDGE IT SOLUTION SDN. BHD.,350000,Penyeragaman
CADANGAN PERTAMBAHAN LESEN HUMAN RESOURCE USER (HR USER) SISTEM TALENT MANAGEMENT DI LEMBAGA HASIL DALAM NEGERI MALAYSIA (LHDNM) SECARA RUNDINGAN TERUS DENGAN AVIT SYSTEM SDN. BHD (TEMPOH 7 BULAN MULAI 1 JANUARI 2015 HINGGA 31 JULAI 2015),BEKALAN,KEMENTERIAN KEWANGAN,AVIT SYSTEM SDN. BHD.,380000,Penyeragaman
PERMOHONAN PEROLEHAN PERISIAN INTEGRATED DATA EXTRACTION AND AUDITING (IDEA) DAN LATIHAN BERKAITAN BAGI PELAKSANAAN FOKUS AUDIT FAIL PERNIAGAAN DAN SYARIKAT SECARA RUNDINGAN TERUS DENGAN SYARIKAT BUSINESSWARE SOLUTIONS PTE. LTD.,BEKALAN DAN PERKHIDMATAN BUKAN PERUNDING,KEMENTERIAN KEWANGAN,"BUSINESSWARE SOLUTIONS PTE. LTD.,",567931,Satu Punca Bekalan/ Perkhidmatan (Pembuat/ Pemegang Frachais)
PERMOHONAN KELULUSAN BAGI MELANTIK SYARIKAT DEWANSITE COMPUTER SOLUTIONS SDN. BHD. UNTUK MELAKSANAKAN PENAMBAHBAIKAN MODUL CARUMAN DI MYEPF (I-AKAUN) SECARA RUNDINGAN TERUS UNTUK TEMPOH 6 BULAN,BEKALAN DAN PERKHIDMATAN BUKAN PERUNDING,KEMENTERIAN KEWANGAN,DEWANSITE COMPUTER SOLUTIONS SDN. BHD.,570000,Penyeragaman
PERMOHONAN PEROLEHAN PROJEK PEMBANGUNAN SISTEM E-KEWANGAN FASA 2 DI LEMBAGA HASIL DALAM NEGERI MALAYSIA,BEKALAN DAN PERKHIDMATAN BUKAN PERUNDING,KEMENTERIAN KEWANGAN,CENTURY SOFTWARE (MALAYSIA) SDN. BHD.,836000,"Satu Punca Bekalan/ Perkhidmatan (Pembuat/ Pemegang Frachais), Penyeragaman"
PELANTIKAN GLOBAL ENTREPRENEURSHIP SDN. BHD. SEBAGAI PENGENDALI KURSUS BAGI PROGRAM 1MALAYSIA ENTREPRENEURS (IMET) BOOT CAMPS,PERKHIDMATAN BUKAN PERUNDING,KEMENTERIAN KEWANGAN,GLOBAL ENTREPRENEURSHIP SDN BHD,998000,Kepakaran
"PERMOHONAN KELULUSAN PEROLEHAN PERKHIDMATAN 
PENYENGGARAAN DAN SOKONGAN BERKAITAN EMC CENTERA 96 NODES, APPLICATIONXTENDER, DISKXTENDER DAN REPLISTOR DI LEMBAGA HASIL DALAM NEGERI MALAYSIA BAGI TEMPOH SATU (1) TAHUN.",BEKALAN DAN PERKHIDMATAN BUKAN PERUNDING,KEMENTERIAN KEWANGAN,IKHLAS INFORMASI TEKNOLOGI SDN. BHD.,2310000,"Keperluan Mendesak, Penyeragaman"
"PERMOHONAN KELULUSAN BAGI PEROLEHAN MENCETAK, MEMBEKAL DAN MENGHANTAR SETEM HASIL DENGAN PERCETAKAN KESELAMATAN NASIONAL SDN BHD SECARA RUNDINGAN TERUS",BEKALAN DAN PERKHIDMATAN BUKAN PERUNDING,KEMENTERIAN KEWANGAN,PERCETAKAN KESELAMATAN NASIONAL SDN. BHD.,2911400,"Kepakaran, Penyeragaman, Keperluan Mendesak"
PERMOHONAN PEROLEHAN PERKHIDMATAN PEMBANGUNAN DAN PELAKSANAAN SISTEM PEMPROFAILAN PEMBAYARAN CUKAI 360-DEGREE DI LEMBAGA HASIL DALAM NEGERI MALAYSIA SECARA RUNDINGAN TERUS DENGAN PRISMA KHAS SDN. BHD. UNTUK TEMPOH 3 TAHUN 11 BULAN,BEKALAN DAN PERKHIDMATAN BUKAN PERUNDING,KEMENTERIAN KEWANGAN,PRISMA KHAS SDN. BHD.,3500000,Penyeragaman
PERMOHONAN KELULUSAN MELANTIK INNOVATION ASSOCIATES CONSULTING SDN. BHD. UNTUK PENAMBAHBAIKAN INTEGRATED FINANCIAL & ADMINISTRATIVE MANAGEMENT SYSTEM (IFAMS) BAGI PELAKSANAAN CUKAI BARANG DAN PERKHIDMATAN (GST) SECARA RUNDINGAN TERUS DI KUMPULAN WANG SIMPANAN PEKERJA (KWSP)(TEMPOH: MULAI TARIKH LANTIKAN (13/10/2014)SEHINGGA JUN 2015,PERKHIDMATAN BUKAN PERUNDING,KEMENTERIAN KEWANGAN,INNOVATION ASSOCIATES SDN. BHD.,143100,Kepakaran
"PEROLEHAN PERKHIDMATAN PEMBERSIHAN BLOK PENTADBIRAN DAN KUARTERS DI INSTITUT PERAKAUNAN NEGARA, SABAK BERNAM, SELANGOR MULAI DARI TARIKH SURAT SETUJU TERIMA HINGGA 31 DISEMBER 2014",PERKHIDMATAN BUKAN PERUNDING,KEMENTERIAN KEWANGAN,BUME JAYA TRADING SDN. BHD.,148750,Keperluan Mendesak
PERMOHONAN PEROLEHAN MENAIKTARAF KEKUNCI AKAR (ROOT KEY) PUBLIC KEY INFRASTRUCTURE (PKI) SISTEM PERANCANGAN & KAWALAN BELANJAWAN ELEKTRONIK (ESPKB)UNTUK TEMPOH 23 DISEMBER 2013 HINGGA 31 DISEMBER 2013,BEKALAN DAN PERKHIDMATAN BUKAN PERUNDING,KEMENTERIAN KEWANGAN,XYBASE SDN. BHD.,156000,"Penyeragaman, Keperluan Mendesak"
"PERMOHONAN PEROLEHAN SEBELAS (11) UNIT MESIN FRANKI DIGITAL BAGI PUSAT KHIDMAT HASIL BARU, LEMBAGA HASIL DALAM NEGERI MALAYSIA  RUNDINGAN TERUS DENGAN SYARIKAT ANYTEKSYS SDN. BHD. (TEMPOH SATU (1) TAHUN)",BEKALAN DAN PERKHIDMATAN BUKAN PERUNDING,KEMENTERIAN KEWANGAN,ANYTEKSYS ADN. BHD.,165000,"Satu Punca Bekalan/ Perkhidmatan (Pembuat/ Pemegang Frachais), Penyeragaman, Keperluan Mendesak"
PERMOHONAN KELULUSAN BAGI MELANTIK SYARIKAT MESINIAGA BERHAD BAGI MELAKSANAKAN PENYENGGARAAN APPLICATION SOFTWARE UNTUK SISTEM DATA WAREHOUSE FOR PERFORMANCE REPORTING SECARA  RUNDINGAN TERUS DI KUMPULAN WANG SIMPANAN PEKERJA (KWSP) (TEMPOH 3 TAHUN MULAI 1 JANUARI 2015 HINGGA 31 DISEMBER 2017),PERKHIDMATAN BUKAN PERUNDING,KEMENTERIAN KEWANGAN,MESINIAGA BERHAD,169176,Kepakaran
PERMOHONAN KELULUSAN BAGI MELANTIK SYARIKAT KE SDN. BHD. BAGI MELAKSANAKAN PERKHIDMATAN PENAMBAHBAIKAN SISTEM MAKLUMAT SUMBER MANUSIA (SMSM) SECARA RUNDINGAN TERUS OLEH KUMPULAN WANG SIMPANAN PEKERJA (KWSP)- (MULAI TARIKH LANTIKAN HINGGA 31 JANUARI 2015),PERKHIDMATAN BUKAN PERUNDING,KEMENTERIAN KEWANGAN,KE SDN BHD,171175,"Penyeragaman, Kepakaran"
"PERMOHONAN PEROLEHAN BAGI PERKHIDMATAN LANJUTAN PENSIJILAN ISMS MS ISO/IEC 27001:2007 DAN PERALIHAN KEPADA ISMS MS ISO/IEC 27001:2013 UNTUK PENGURUSAN KESELAMATAN MAKLUMAT SISTEM E-FILING DI PUSAT DATA LHDNM, CYBERJAYA SECARA RUNDINGAN TERUS DENGAN SCAN ASSOCIATES BERHAD (TEMPOH : 15 BULAN, MULAI 3 SEPTEMBER 2014 - 2 DISEMBER 2015)",BEKALAN DAN PERKHIDMATAN BUKAN PERUNDING,KEMENTERIAN KEWANGAN,SCAN ASSOCIATES BERHAD,188000,"Keperluan Mendesak, Penyeragaman, Kepakaran"
PERMOHONAN TAMBAHAN NILAI BAGI PERJANJIAN PERKHIDMATAN PENYENGGARAAN GOVERNMENT FINANCIAL MANAGEMENT ACCOUNTING SYSTEM (GFMAS),PERKHIDMATAN BUKAN PERUNDING,KEMENTERIAN KEWANGAN,TELITI COMPUTERS SDN. BHD.,200000,Penyeragaman
PERMOHONAN PELANJUTAN KONTRAK PERKHIDMATAN PELUASAN SISTEM PENGURUSAN ASET KE PERINGKAT PEJABAT PENGARAH NEGERI/ CAWANGAN/ CAWANGAN SIASATAN SELURUH NEGARA LEMBAGA HASIL DALAM NEGERI MALAYSIA DENGAN SYARIKAT KANNTRONICS SDN BHD UNTUK TEMPOH TIGA (3) TAHUN MULAI  1 OKTOBER 2014 HINGGA 30 SEPTEMBER 2017,PERKHIDMATAN BUKAN PERUNDING,KEMENTERIAN KEWANGAN,KANNTRONICS SDN. BHD.,201000,Penyeragaman
PERKHIDMATAN PENAMBAHBAIKAN APLIKASI SISTEM PERAKAUNAN HASIL BERELEKTRONIK (ERAS) DI LEMBAGA HASIL DALAM NEGERI MALAYSIA UNTUK TEMPOH 1 TAHUN MULAI 2 MEI 2014 HINGGA 1 MEI 2015,PERKHIDMATAN BUKAN PERUNDING,KEMENTERIAN KEWANGAN,CENTURY SOFTWARE (MALAYSIA) SDN. BHD.,243000,"Penyeragaman, Satu Punca Bekalan/ Perkhidmatan (Pembuat/ Pemegang Frachais)"
PROGRAM LAPORAN KHAS DOKUMENTARI SYARIKAT PENERAJU DAN PKS DI BAWAH NKEA PERTANIAN MENERUSI BULETIN UTAMA TV3 SECARA RUNDINGAN TERUS DENGAN MEDIA PRIMA BERHAD (TAHUN 2014),PERKHIDMATAN BUKAN PERUNDING,KEMENTERIAN PERTANIAN DAN INDUSTRI ASAS TANI,MEDIA PRIMA BERHAD,371000,Satu Punca Bekalan/ Perkhidmatan (Pembuat/ Pemegang Frachais)
PERMOHONAN PEROLEHAN SECARA RUNDINGAN TERUS BAGI KERJA PENYELENGGARAAN SISTEM STANDARD ACCOUNTING FOR GOVERNMENT AGENCIES  DI LEMBAGA KEMAJUAN PERTANIAN MUDA,PERKHIDMATAN BUKAN PERUNDING,KEMENTERIAN PERTANIAN DAN INDUSTRI ASAS TANI,CENTURY SOFTWARE (MALAYSIA) SDN. BHD.,588000,"Satu Punca Bekalan/ Perkhidmatan (Pembuat/ Pemegang Frachais), Penyeragaman"
PERMOHONAN UNTUK RUNDINGAN TERUS BAGI PROMOSI MAHA 2014 (MEDIA ELEKTRONIK) BAGI TAHUN 2014,PERKHIDMATAN BUKAN PERUNDING,KEMENTERIAN PERTANIAN DAN INDUSTRI ASAS TANI,"AD MEDIA & DESIGN SDN BHD, AL- HIJRAH MEDIA CORPORATION, NAMUZA TRADING SDN. BHD., EFICAZ MEDIA SDN BHD, CREATIVE EYE SDN BHD, ASTRO  AWANI NETWORK SDN BHD",1096945,Satu Punca Bekalan/ Perkhidmatan (Pembuat/ Pemegang Frachais)
PERMOHONAN UNTUK MELAKSANAKAN PEROLEHAN PENGIKLANAN DAN PROMOSI SEMPENA MAHA 2014 SECARA RUNDINGAN TERUS (MEDIA CETAK)(20-30 NOV 2014),PERKHIDMATAN BUKAN PERUNDING,KEMENTERIAN PERTANIAN DAN INDUSTRI ASAS TANI,"UTUSAN MEDIA SALES SDN. BHD., MEDIA PRIMA BERHAD, KUMPULAN KARANGKRAF SDN. BHD.",1431600,Satu Punca Bekalan/ Perkhidmatan (Pembuat/ Pemegang Frachais)
PERMOHONAN RUNDINGAN TERUS BAGI PEMBELIAN BALIK (BUY BACK) DAN KONTRAK PENYELENGGARAAN SISTEM W-ICCS SELAMA TIGA TAHUN,BEKALAN DAN PERKHIDMATAN BUKAN PERUNDING,KEMENTERIAN PERTANIAN DAN INDUSTRI ASAS TANI,TECHNOLOGY INNOVATION RESOURCES SDN. BHD.,2500000,Penyeragaman
"PERMOHONAN BAGI MEWUJUDKAN KONTRAK PENYIMPANAN (STOCKPILE) PEMBEKALAN DAN PENGHANTARAN VAKSIN SMALLPOX (IMVAMUNE) UNTUK KEGUNAAN PERKHIDMATAN KESIHATAN ANGKATAN TENTERA, KEMENTERIAN PERTAHANAN MALAYSIA SECARA RUNDINGAN TERUS DENGAN SYARIKAT BAVARIAN NORDIC A/S BAGI TEMPOH LIMA (5) TAHUN BERMULA TAHUN 2013 HINGGA 2018",BEKALAN,KEMENTERIAN PERTAHANAN,BAVARIAN NORDIC A/S,11713768,Satu Punca Bekalan/ Perkhidmatan (Pembuat/ Pemegang Frachais)
"PERMOHONAN KELULUSAN SEWAAN PERKHIDMATAN PRASARANA, KEMUDAHAN-KEMUDAHAN LATIHAN DAN PERKHIDMATAN SAJIAN MAKANAN UNTUK PROGRAM LATIHAN KHIDMAT NEGARA (PLKN) DI KAMPUNG TUA, BELANJA KIRI, PARIT, PERAK BAGI TEMPOH EMPAT (4) TAHUN.",PERKHIDMATAN BUKAN PERUNDING,KEMENTERIAN PERTAHANAN,TEGAS PROLIFIK SDN BHD,20953296,Satu Punca Bekalan/ Perkhidmatan (Pembuat/ Pemegang Frachais)
PERMOHONAN PEROLEHAN SECARA RUNDINGAN TERUS BAGI PERKHIDMATAN PENYELENGGARAAN SISTEM STANDARD ACCOUNTING FOR GOVERNMENT AGENCIES  (SAGA) UNTUK PERBADANAN HARTA INTELEK MALAYSIA (MYIPO),PERKHIDMATAN BUKAN PERUNDING,"KEMENTERIAN PERDAGANGAN DALAM NEGERI, KOPERASI DAN KEPENGGUNAAN",CENTURY SOFTWARE (MALAYSIA) SDN. BHD.,57000,"Penyeragaman, Keperluan Mendesak, Satu Punca Bekalan/ Perkhidmatan (Pembuat/ Pemegang Frachais)"
PERMOHONAN KELULUSAN PEROLEHAN SECARA RUNDINGAN TERUS BAGI PEMBELIAN I2 ANALYST NOTEBOOK UNTUK KPDNKK,BEKALAN,"KEMENTERIAN PERDAGANGAN DALAM NEGERI, KOPERASI DAN KEPENGGUNAAN",PRISMA KHAS SDN. BHD.,64500,Satu Punca Bekalan/ Perkhidmatan (Pembuat/ Pemegang Frachais)
PERMOHONAN PEROLEHAN SECARA RUNDINGAN TERUS BAGI PERKHIDMATAN KAWALAN KESELAMATAN OLEH SYARIKAT AE SECURITY SYSTEM SDN BHD,PERKHIDMATAN BUKAN PERUNDING,"KEMENTERIAN PERDAGANGAN DALAM NEGERI, KOPERASI DAN KEPENGGUNAAN",AE SECURITY SYSTEM SDN. BHD.,182518,Keperluan Mendesak
PERMOHONAN PEROLEHAN PERKHIDMATAN PEMBANGUNAN DAN PELAKSANAAN SISTEM PEMPROFAILAN PEMBAYAR CUKAI 360-DEGREE DI LEMBAGA HASIL DALAM NEGERI MALAYSIA SECARA RUNDINGAN TERUS DENGAN PRISMA KHAS SDN. BHD. UNTUK TEMPOH 3 TAHUN 11 BULAN,BEKALAN DAN PERKHIDMATAN BUKAN PERUNDING,KEMENTERIAN KEWANGAN,PRISMA KHAS SDN. BHD.,3500000,Penyeragaman
"PERMOHONAN BAGI PERKHIDMATAN MEMBEKAL, MEMASANG, MENGUJI, MENTAULIAH, MENAIK TARAF, MENYENGGARA DAN MENYEDIAKAN KHIDMAT SOKONGAN UNTUK SISTEM PERAKAUNAN HASIL BERELEKTRONIK (ERAS) DI LEMBAGA HASIL DALAM NEGERI MALAYSIA SECARA RUNDINGAN TERUS DENGAN CENTURY SOFTWARE (M) SDN. BHD. (CENSOF)",BEKALAN DAN PERKHIDMATAN BUKAN PERUNDING,KEMENTERIAN KEWANGAN,CENTURY SOFTWARE (MALAYSIA) SDN. BHD.,6100000,Satu Punca Bekalan/ Perkhidmatan (Pembuat/ Pemegang Frachais)
PERMOHONAN PEROLEHAN PERKHIDMATAN PENAMBAHBAIKAN STAMPS ASSESSMENT AND PAYMENT SYSTEM (STAMPS) BERDASARKAN AKTA SETEM BAHARU DI LEMBAGA HASIL DALAM NEGERI MALAYSIA UNTUK TEMPOH 2 TAHUN 8 BULAN,PERKHIDMATAN BUKAN PERUNDING,KEMENTERIAN KEWANGAN,ZANKO SDN BHD,6110000,Keperluan Mendesak
PERMOHONAN KELULUSAN KHAS BAGI PEROLEHAN KENDERAAN LEMBAGA HASIL DALAM NEGERI MALAYSIA (LHDNM)SECARA RUNDINGAN TERUS DENGAN PROTON EDAR SDN. BHD. DAN UMW TOYOTA MOTOR SDN. BHD. (TEMPOH PENGHANTARAN : MINGGU KE-2 OGOS 2014),BEKALAN,KEMENTERIAN KEWANGAN,"PROTON EDAR SDN. BHD., UMW TOYOTA MOTOR SDN. BHD.",9983862,Satu Punca Bekalan/ Perkhidmatan (Pembuat/ Pemegang Frachais)
PERMOHONAN KELULUSAN PEROLEHAN PEMBANGUNAN SISTEM INTEGRATED HUMAN RESOURCE (IHRS) OLEH LHDN UNTUK PEMBANGUNAN SELAMA 17 BULAN DAN PERLINDUNGAN PENYELENGGARAAN (COMPREHENSIVE SUPPORT PROGRAM) UNTUK TEMPOH 24 BULAN MULAI SELEPAS TEMPOH WARANTI.,BEKALAN DAN PERKHIDMATAN BUKAN PERUNDING,KEMENTERIAN KEWANGAN,MYSYSNET SDN. BHD.,18527000,Satu Punca Bekalan/ Perkhidmatan (Pembuat/ Pemegang Frachais)
PERMOHONAN CADANGAN PROJEK PENINGKATAN KEUPAYAAN SISTEM TALIAN INTERNET PROTOCOL VIRTUAL PRIVATE NETWORK (VPN) DAN PERALATAN INTELLIGENT BANDWITH MANAGEMENT SYSTEM (IBMS) SECARA PERKHIDMATAN TERURUS (MANAGED SERVICES) UNTUK TEMPOH 3 TAHUN,BEKALAN DAN PERKHIDMATAN BUKAN PERUNDING,KEMENTERIAN KEWANGAN,TELEKOM MALAYSIA BERHAD,79000000,"Satu Punca Bekalan/ Perkhidmatan (Pembuat/ Pemegang Frachais), Penyeragaman"
"PERMOHONAN KELULUSAN PEROLEHAN SECARA RUNDINGAN TERUS BAGI PEMBELIAN OPERATING THEATRE LIGHT UNTUK HOSPITAL JASIN, MELAKA",BEKALAN,KEMENTERIAN KESIHATAN,ANTAH BUMIMEDIC SDN. BHD.,185000,"Satu Punca Bekalan/ Perkhidmatan (Pembuat/ Pemegang Frachais), Keperluan Mendesak"
"PERMOHONAN KELULUSAN PEROLEHAN SECARA RUNDINGAN TERUS BAGI MENAIKTARAF, MENGUJI DAN MENTAULIAH SATU (1) UNIT MESIN MAGNETIC RESONANCE IMAGING SYSTEM (MRI) JENAMA SIEMENS MODEL MAGNETOM SYMPHONY DI JABATAN PENGIMEJAN DIAGNOSTIK HOPITAL KUALA LUMPUR DENGAN SYARIKAT SIEMENS (M) SDN. BHD.",BEKALAN,KEMENTERIAN KESIHATAN,SIEMENS MALAYSIA SDN. BHD.,190000,"Kepakaran, Keperluan Mendesak, Penyeragaman"
PERMOHONAN PEROLEHAN SECARA RUNDINGAN TERUS DENGAN SYARIKAT EGIS HEALTHCARE TECHNOLOGIES SDN BHD BAGI PERKHIDMATAN MENYELENGARA SISTEM PENGURUSAN MAKMAL (LIS) UNTUK TEMPOH DUA (2) TAHUN,PERKHIDMATAN BUKAN PERUNDING,KEMENTERIAN KESIHATAN,EGIS HEALTHCARE TECHNOLOGIES SDN. BHD.,912908,"Satu Punca Bekalan/ Perkhidmatan (Pembuat/ Pemegang Frachais), Penyeragaman"
PERMOHONAN PEROLEHAN SECARA RUNDINGAN TERUS BAGI PERKHIDMATAN PENYEWAAN AMBULAN LAUT HOSPITAL LANGKAWI DENGAN SYARIKAT JMV TRADETECH SDN. BHD. UNTUK TEMPOH TIGA (3) TAHUN DAN OPSYEN PELANJUTAN DUA (2) TAHUN,BEKALAN DAN PERKHIDMATAN BUKAN PERUNDING,KEMENTERIAN KESIHATAN,JMV TRADETECH SDN. BHD.,4680000,Keperluan Mendesak
KERJA-KERJA MENAIK TARAF GELANGGANG TENIS DI KOMPLEKS SUKAN NEGERI PERLIS (REKA DAN BINA),KERJA,PENTADBIRAN KERAJAAN NEGERI PERLIS,PADANG BOHOR JAYA SDN.BHD.,1990000,Keperluan Mendesak
"PERMOHONAN PEROLEHAN SECARA RUNDINGAN TERUS BAGI SEWAAN PERALATAN DAN PENYELENGGARAAN SISTEM KEHADIRAN BIOMETRIK UNTUK KEMENTERIAN TENAGA, TEKNOLOGI HIJAU DAN AIR",PERKHIDMATAN BUKAN PERUNDING,"KEMENTERIAN TENAGA, TEKNOLOGI HIJAU DAN AIR",KERSUMA NYATA SDN. BHD.,148000,"Penyeragaman, Satu Punca Bekalan/ Perkhidmatan (Pembuat/ Pemegang Frachais), Keperluan Mendesak"
PELANTIKAN MALAYSIAN WATER ACADEMY (MYWA) MELALUI RUNDINGAN TERUS SEBAGAI AGENSI PELAKSANA PERSIDANGAN PEMBETUNGAN 2013,BEKALAN DAN PERKHIDMATAN BUKAN PERUNDING,"KEMENTERIAN TENAGA, TEKNOLOGI HIJAU DAN AIR",MALAYSIA WATER ACADEMY,254900,Satu Punca Bekalan/ Perkhidmatan (Pembuat/ Pemegang Frachais)
PERMOHONAN KELULUSAN PELANTIKAN SYARIKAT PRESTARIANG SYSTEM SDN. BHD. UNTUK MENGENDALIKAN COMPTIA A+ DAN N+ DI CIAST,PERKHIDMATAN BUKAN PERUNDING,KEMENTERIAN SUMBER MANUSIA,PRESTARIANG SYSTEMS SDN. BHD.,100000,Satu Punca Bekalan/ Perkhidmatan (Pembuat/ Pemegang Frachais)
"PERMOHONAN KELULUSAN PEROLEHAN SECARA RUNDINGAN TERUS BAGI PERKHIDMATAN MEMBERSIH DAN MENCUCI BANGUNAN PEJABAT, BENGKEL, ASRAMA DAN SURAU DI PUSAT LATIHAN PENGAJAR DAN KEMAHIRAN LANJUTAN (CIAST) SHAH ALAM, SELANGOR BAGI TEMPOH 6 JANUARI HINGGA 30 JUN 2014",PERKHIDMATAN BUKAN PERUNDING,KEMENTERIAN SUMBER MANUSIA,NASH USHA ENTERPRISE,130000,Keperluan Mendesak
"PERMOHONAN KELULUSAN KHAS BAGI PEROLEHAN PERKHIDMATAN PROMOSI DAN PUBLISITI DARIPADA BERITA NASIONAL MALAYSIA (BERNAMA) BAGI KEMPEN PROMOSI SKILLSMALAYSIA, JABATAN PEMBANGUNAN KEMAHIRAN SECARA RUNDINGAN TERUS",BEKALAN DAN PERKHIDMATAN BUKAN PERUNDING,KEMENTERIAN SUMBER MANUSIA,PERTUBUHAN BERITA NASIONAL MALAYSIA,140000,Satu Punca Bekalan/ Perkhidmatan (Pembuat/ Pemegang Frachais)
"PEROLEHAN PERKHIDMATAN PENYELENGGARAAN APLIKASI DAN PERKAKASAN ""KNOWLEDGE MANAGEMENT SYSTEM"" DENGAN KNOWLEDGE LINK SDN BHD BAGI TEMPOH 3 TAHUN",PERKHIDMATAN BUKAN PERUNDING,KEMENTERIAN SUMBER MANUSIA,KNOWLEDGE LINK SDN. BHD.,264000,Penyeragaman
PERMOHONAN KELULUSAN KHAS SECARA RUNDINGAN TERUS BAGI PELANTIKAN MAEPS MANAGEMENT  SDN BHD UNTUK MENGADAKAN MAJLIS ANUGERAH TANGAN EMAS PERDANA MENTERI (MATEPM),BEKALAN DAN PERKHIDMATAN BUKAN PERUNDING,KEMENTERIAN SUMBER MANUSIA,MAEPS MANAGEMENT SDN BHD,660000,Keperluan Mendesak
PERMOHONAN PELANJUTAN PERJANJIAN KEMUDAHAN ALAT KOMUNIKASI MUDAH ALIH DENGAN MAXIS BROADBAND SDN BHD BAGI TEMPOH 3 TAHUN,BEKALAN DAN PERKHIDMATAN BUKAN PERUNDING,KEMENTERIAN SUMBER MANUSIA,MAXIS BROADBAND SDN. BHD.,3471408,Penyeragaman
PERMOHONAN KELULUSAN BAGI PEROLEHAN ALAT-ALAT ORTHOTIK ONE STOP CENTRE PERTUBUHAN KESELAMATAN SOSIAL DENGAN PHARMANIAGA LOGISTICS SDN BHD SECARA RUNDINGAN TERUS,BEKALAN,KEMENTERIAN SUMBER MANUSIA,PHARMANIAGA LOGISTICS SDN. BHD.,12012182,"Penyeragaman, Satu Punca Bekalan/ Perkhidmatan (Pembuat/ Pemegang Frachais)"
PERMOHONAN PERTAMBAHAN SKOP BAGI KERJA-KERJA PENGALIHAN KABEL TENAGA NASIONAL BERHAD DI CH5900 - PROJEK LANDASAN KERETA API DARI SUBANG KE TERMINAL SKYPARK SUBANG FASA 1,KERJA,KEMENTERIAN PENGANGKUTAN,KONSORTIUM SKYPARK LINK SDN BHD-LION PACIFIC SDN BHD,3400000,"Keperluan Mendesak, Satu Punca Bekalan/ Perkhidmatan (Pembuat/ Pemegang Frachais)"
"PERKHIDMATAN MAINTENANCE, REPAIR AND OVERHAUL (MRO) OF THIRTY EIGHT (38) SETS OF SIX (6) CARS ELECTRIC MULTIPLE UNITS (SCS) SELAMA TIGA (3) TAHUN SECARA RUNDINGAN TERUS DENGAN SYARIKAT CSR ZHUZHOU ELECTRIC LOCOMOTIVE CO. LTD. (CSRZECL) DARI 15/2/2014 SEHINGGA 14/2/2017",PERKHIDMATAN BUKAN PERUNDING,KEMENTERIAN PENGANGKUTAN,CSR ZHUZHOU ELECTRIC LOCOMOTIVE CO. LTD.,200061840,Penyeragaman
PERMOHONAN KELULUSAN RUNDINGAN TERUS BAGI CADANGAN PERKHIDMATAN PENYELENGGARAAN DAN PEMBAIKAN SECARA KOMPREHENSIF LIF-LIF PENUMPANG JENAMA EITA DAN TOSHIBA DI UITM CAWANGAN PULAU PINANG UNTUK TEMPOH TIGA (3) TAHUN,BEKALAN DAN PERKHIDMATAN BUKAN PERUNDING,KEMENTERIAN PENGAJIAN TINGGI,"EITA ELEVATOR (MALAYSIA) SDN. BHD., MS ELEVATORS ENGINEERING SDN. BHD.",200880,Keperluan Mendesak
PERMOHONAN KELULUSAN KONTRAK PENYELENGGARAAN PERALATAN BAGI SATU (1) UNIT FULL FIELD DIGITAL MAMMOGRAPHY SECARA RUNDINGAN TERUS DENGAN AGEN TUNGGAL TEMPATAN,BEKALAN,KEMENTERIAN PENGAJIAN TINGGI,SIEMENS MALAYSIA SDN. BHD.,620000,"Keperluan Mendesak, Satu Punca Bekalan/ Perkhidmatan (Pembuat/ Pemegang Frachais)"
"PERMOHONAN PEROLEHAN SECARA RUNDINGAN TERUS DENGAN SYARIKAT CENTURY SOFTWARE (M) SDN BHD BAGI PERKHIDMATAN MENYELENGGARA SISTEM FINANCIAL DAN INVENTORY BAGI TEMPOH 2 TAHUN. 
RUJUKAN RUNDINGAN TERUS: RT/1053/10/2013 (17)",PERKHIDMATAN BUKAN PERUNDING,KEMENTERIAN PENGAJIAN TINGGI,CENTURY SOFTWARE (MALAYSIA) SDN. BHD.,760000,"Penyeragaman, Satu Punca Bekalan/ Perkhidmatan (Pembuat/ Pemegang Frachais)"
PERMOHONAN KELULUSAN PELANJUTAN KONTRAK PERKHIDMATAN MEL KORPORAT OLEH POS MALAYSIA BERHAD DI UNIVERSITI KEBANGSAAN MALAYSIA UNTUK TEMPOH 2 TAHUN,PERKHIDMATAN BUKAN PERUNDING,KEMENTERIAN PENGAJIAN TINGGI,POS MALAYSIA BERHAD,897600,Satu Punca Bekalan/ Perkhidmatan (Pembuat/ Pemegang Frachais)
"PERMOHONAN KELULUSAN UNTUK MELANTIK SYARIKAT-SYARIKAT PENGENDALI LATIHAN BAGI MENJALANKAN PROGRAM-PROGRAM LATIHAN DI AKADEMI KEPIMPINAN PENGAJIAN TINGGI (AKEPT), TAHUN 2013 SECARA RUNDINGAN TERUS",PERKHIDMATAN BUKAN PERUNDING,KEMENTERIAN PENGAJIAN TINGGI,"KIRKBY INTERNATIONAL COLLEGE SDN. BHD., UPM EDUCATION & TRAINING SDN. BHD., LEADERSHIP FOUNDATION FOR HIGHER EDUCATION, PEOPLE SYNERGY SDN. BHD., DC TRAINING MALAYSIA SDN. BHD., CHARLES RIVER CENTRE SDN. BHD., JUDGE BUSINESS SCHOOL, UNIVERSITY OF CAMBRIDGE",1195909,Kepakaran
PERMOHONAN UNTUK MEMBUAT RUNDINGAN TERUS UNTUK MENAIKTARAF TREK SINTETIK DAN PADANG STADIUM UNIVERSITI KEBANGSAAN MALAYSIA MENGGUNAKAN KOD PERUNTUKAN PKP4-AKAUN KHAS NAIK TARAF STADIUM UNIVERSITI BAGI TEMPOH DUA BULAN,BEKALAN DAN PERKHIDMATAN BUKAN PERUNDING,KEMENTERIAN PENGAJIAN TINGGI,TALENTTWO (M) SDN. BHD.,2590000,Keperluan Mendesak
PERMOHONAN RUNDINGAN TERUS BAGI TAWARAN UNIVERSITY-INDUSTRY MRI RESEARCH COLLABORATION INCLUSIVE OF RESEARCH FACILITY AND 3T MRI MACHINE,BEKALAN,KEMENTERIAN PENGAJIAN TINGGI,ALAM MEDIK SDN. BHD.,11800000,"Keperluan Mendesak, Kepakaran, Satu Punca Bekalan/ Perkhidmatan (Pembuat/ Pemegang Frachais), Penyeragaman"
PERMOHONAN RUNDINGAN TERUS BAGI PEROLEHAN PERKHIDMATAN KERJA-KERJA PEMBERSIHAN DAN PENGINDAHAN KAWASAN POLITEKNIK MERLIMAU MELAKA DENGAN SYARIKAT BERTAM BINA ENTERPRISE,PERKHIDMATAN BUKAN PERUNDING,KEMENTERIAN PENDIDIKAN,BERTAM BINA ENTERPRISE,97576,Keperluan Mendesak
"PERMOHONAN KELULUSAN PEMBELIAN TLC VISUALIZER UNTUK PERALATAN CAMAG HPLC SECARA RUNDINGAN TERUS UNTUK INSTITUT PENYELIDIKAN PERHUTANAN MALAYSIA (FRIM) 52109 KEPONG SELANGOR DARUL EHSAN
TEMPOH KONTRAK : 8 MINGGU (17 SEPTEMBER 2014 - 5 NOVEMBER 2014)",BEKALAN DAN PERKHIDMATAN BUKAN PERUNDING,KEMENTERIAN SUMBER ASLI DAN ALAM SEKITAR,RESEARCH INSTRUMENTS SDN. BHD.,95800,Kepakaran
MAKLUMAN KEPUTUSAN JAWATAN KUASA RUNDINGAN HARGA BAGI PEROLEHAN BEKALAN PERANGKAP KAMERA DAN AKSESORI UNTUK JABATAN PERHILITAN TAHUN 2014,BEKALAN,KEMENTERIAN SUMBER ASLI DAN ALAM SEKITAR,STAR FEST SDN. BHD.,399510,Kepakaran
PERMOHONAN KELULUSAN KHAS SECARA RUNDINGAN TERUS BAGI PEROLEHAN KERJA-KERJA PINDAAN AKTA HAKMILIK STRATA 1985 (PINDAAN) 2013 (AKTA A1450) DALAM SISTEM E-TANAH PULAU PINANG MAULAI 15 DISEMBER 2014 HINGGA 14 DISEMBER 2019,PERKHIDMATAN BUKAN PERUNDING,KEMENTERIAN SUMBER ASLI DAN ALAM SEKITAR,ILAUNCH SDN. BHD.,636000,Kepakaran
"PERMOHONAN PEROLEHAN SECARA RUNDINGAN TERUS BAGI PERKHIDMATAN SEWAAN PERALATAN TEKNIKAL, PAKEJ MESYUARAT DAN PENGINAPAN DENGAN THR HOTEL (KL) SDN. BHD. BAGI PENGANJURAN MESYUARAT KE-40 ASEAN CONSULTATIVE COMMITTEE FOR STANDARDS AND QUALITY (ACCSQ) DAN INDUSTRY BREAKFAST FORUM WITH LEADERS OF ISO AND IEC",BEKALAN DAN PERKHIDMATAN BUKAN PERUNDING,"KEMENTERIAN SAINS, TEKNOLOGI DAN INOVASI",THR HOTEL (KL) SDN. BHD.,129050,Keperluan Mendesak
PERMOHONAN KELULUSAN RUNDINGAN TERUS BAGI PEROLEHAN PERALATAN PENGUJIAN KESELAMATAN UNTUK MAKMAL KAD PINTAR UNTUK CYBERSECURITY MALAYSIA,BEKALAN DAN PERKHIDMATAN BUKAN PERUNDING,"KEMENTERIAN SAINS, TEKNOLOGI DAN INOVASI",QOLEK CORPORATION (M) SDN. BHD.,472000,Satu Punca Bekalan/ Perkhidmatan (Pembuat/ Pemegang Frachais)
PERMOHONAN PELANTIKAN STRATSEC.NET SDN. BHD. SECARA RUNDINGAN TERUS BAGI PERKHIDMATAN PENILAIAN DAN PENSIJILAN SERTA DOKUMENTASI BERDASARKAN ISO/IEC 15408 (COMMON CRITERIA) UNTUK CYBERSECURITY MALAYSIA,PERKHIDMATAN BUKAN PERUNDING,"KEMENTERIAN SAINS, TEKNOLOGI DAN INOVASI",STRATSEC. NET SDN. BHD.,636000,Satu Punca Bekalan/ Perkhidmatan (Pembuat/ Pemegang Frachais)
PERMOHONAN PELANTIKAN STRATSEC.NET SDN. BHD. SECARA RUNDINGAN TERUS BAGI PENYEDIAAN PERKHIDMATAN PENILAIAN DAN PENSIJILAN PRODUK KESELAMATAN MAKLUMAT BERDASARKAN ISO/IEC 15408 (COMMON CRITERIA),PERKHIDMATAN BUKAN PERUNDING,"KEMENTERIAN SAINS, TEKNOLOGI DAN INOVASI",STRATSEC.NET SDN BHD,784400,Satu Punca Bekalan/ Perkhidmatan (Pembuat/ Pemegang Frachais)
PERMOHONAN KELULUSAN RUNDINGAN TERUS BAGI PEROLEHAN PERALATAN PENGUJIAN DAN PENILAIAN KESELAMATAN PEMBACA KAD PINTAR SENTUH (EMV CONTACT SMART CARD) UNTUK MAKMAL KAD PINTAR CYBERSECURITY MALAYSIA,BEKALAN DAN PERKHIDMATAN BUKAN PERUNDING,"KEMENTERIAN SAINS, TEKNOLOGI DAN INOVASI",MCS MICROSYSTEMS SDN. BHD.,1445500,Satu Punca Bekalan/ Perkhidmatan (Pembuat/ Pemegang Frachais)
PERMOHONAN KELULUSAN RUNDINGAN TERUS BAGI PELANTIKAN MALAYSIAN SOFTWARE TESTING BOARD (MSTB) UNTUK MELAKSANAKAN PROGRAM DANA PENGUJIAN PERISIAN BAGI SEKTOR AWAM DI BAWAH PROJEK MALAYSIA SOFTWARE TESTING HUB (MSTH) UNTUK TEMPOH 1 TAHUN,BEKALAN DAN PERKHIDMATAN BUKAN PERUNDING,"KEMENTERIAN SAINS, TEKNOLOGI DAN INOVASI",MALAYSIAN SOFTWARE TESTING BOARD,5000000,Satu Punca Bekalan/ Perkhidmatan (Pembuat/ Pemegang Frachais)
PERMOHONAN KELULUSAN KHAS UNTUK MELANTIK SYARIKAT CENTURY SOFTWARE (M) SDN BHD SECARA RUNDINGAN TERUS BAGI PERKHIDMATAN PEMBAHARUAN LESEN DAN PENYELENGGARAAN TAHUNAN SISTEM KEWANGAN SAGA SEHINGGA 31 MAC 2015,PERKHIDMATAN BUKAN PERUNDING,KEMENTERIAN PERTANIAN DAN INDUSTRI ASAS TANI,CENTURY SOFTWARE (MALAYSIA) SDN. BHD.,93000,Penyeragaman
